タイムスタンプ,メールアドレス,規約への同意,共同利用者の学籍番号,共同利用者の氏名,共同利用者の学生証写真
2026-04-01 00:44:40,iyamashita@example.org,利用規約に同意する,1556973,後藤 和也,accept
2026-04-01 00:48:15,naoki31@example.org,利用規約に同意する,1530340,坂本 幹,accept
2026-04-01 01:28:10,rei23@example.net,利用規約に同意する,4162071,中村 稔,accept
2026-04-01 02:30:59,yoichi10@example.org,利用規約に同意する,8601257,山下 治,accept
2026-04-01 03:03:01,yoko65@example.com,利用規約に同意する,8450604,鈴木 幹,accept
2026-04-01 03:39:25,yutahayashi@example.org,利用規約に同意する,4163277,森 稔,accept
2026-04-01 05:23:17,naokikondo@example.net,利用規約に同意する,4679395,佐藤 治,accept
2026-04-01 06:10:01,hanako34@example.net,利用規約に同意する,4612502,林 裕太,accept
2026-04-01 06:20:39,itomaaya@example.org,利用規約に同意する,8484972,坂本 京助,accept
2026-04-01 07:38:34,sotaromatsumoto@example.net,利用規約に同意する,8576955,後藤 涼平,accept
2026-04-01 10:32:27,mhashimoto@example.net,利用規約に同意する,4935825,阿部 涼平,accept
2026-04-01 10:33:55,jnakagawa@example.net,利用規約に同意する,4454524,村上 あすか,accept
2026-04-01 11:08:27,hanakosuzuki@example.org,利用規約に同意する,4443874,林 千代,accept
2026-04-01 12:29:29,yuitanaka@example.com,利用規約に同意する,8278282,中島 知実,denied
2026-04-01 12:48:06,minorushimizu@example.net,利用規約に同意する,8157176,森 くみ子,accept
2026-04-01 13:12:54,hiroshi22@example.com,利用規約に同意する,4463654,斎藤 加奈,accept
2026-04-01 14:03:19,yumiko19@example.com,利用規約に同意する,4688930,中村 裕太,denied
2026-04-01 14:18:23,vtakahashi@example.com,利用規約に同意する,4519773,遠藤 さゆり,denied
2026-04-01 15:10:31,etanaka@example.net,利用規約に同意する,4260249,後藤 修平,accept
2026-04-01 16:27:01,efujiwara@example.com,利用規約に同意する,8826111,松田 花子,accept
2026-04-01 16:43:48,matsumotonaoko@example.net,利用規約に同意する,1537054,山崎 あすか,accept
2026-04-01 17:27:48,harukawatanabe@example.com,利用規約に同意する,8134311,石井 くみ子,accept
2026-04-01 18:19:17,suzukiyosuke@example.org,利用規約に同意する,1599663,森 零,accept
2026-04-01 20:35:59,watanabenaoko@example.net,利用規約に同意する,4452383,佐藤 桃子,accept
2026-04-01 21:13:25,naoki96@example.org,利用規約に同意する,8257340,小林 直樹,accept
2026-04-01 22:32:27,taichitakahashi@example.net,利用規約に同意する,8517842,石川 拓真,denied
2026-04-01 22:49:13,ryosukehashimoto@example.net,利用規約に同意する,4316315,藤井 浩,accept
2026-04-01 23:44:31,ishikawakenichi@example.org,利用規約に同意する,8274277,鈴木 陽子,accept
2026-04-02 00:03:56,kenichi30@example.com,利用規約に同意する,4153088,遠藤 里佳,accept
2026-04-02 00:18:57,takahashihanako@example.net,利用規約に同意する,4609720,松本 直子,accept
2026-04-02 00:29:49,yamadaminoru@example.com,利用規約に同意する,8209807,伊藤 直子,denied
2026-04-02 00:34:07,yoichi11@example.org,利用規約に同意する,8225105,田中 明美,accept
2026-04-02 01:46:45,etanaka@example.net,利用規約に同意する,4260249,後藤 修平,denied
2026-04-02 02:28:10,akato@example.com,利用規約に同意する,8389687,田中 桃子,accept
2026-04-02 02:40:07,mikako63@example.com,利用規約に同意する,8568493,高橋 千代,denied
2026-04-02 04:07:33,osamu50@example.org,利用規約に同意する,4476064,伊藤 直子,accept
2026-04-02 05:15:53,tsubasasato@example.net,利用規約に同意する,4115213,佐藤 幹,accept
2026-04-02 06:56:17,satoyoichi@example.com,利用規約に同意する,1502187,渡辺 太郎,accept
2026-04-02 06:59:29,hayashikyosuke@example.org,利用規約に同意する,1506755,山口 知実,accept
2026-04-02 07:20:56,naotoaoki@example.com,利用規約に同意する,1587584,三浦 裕美子,accept
2026-04-02 07:30:15,saitoasuka@example.com,利用規約に同意する,1549672,中村 晃,accept
2026-04-02 09:00:13,naoto37@example.com,利用規約に同意する,4558446,高橋 舞,accept
2026-04-02 09:32:50,yyamashita@example.com,利用規約に同意する,1576638,後藤 洋介,accept
2026-04-02 11:14:08,takahashiasuka@example.net,利用規約に同意する,1583050,松本 あすか,accept
2026-04-02 12:18:32,chiyo19@example.com,利用規約に同意する,8275065,阿部 香織,accept
2026-04-02 12:21:29,watanabenaoko@example.net,利用規約に同意する,4452383,佐藤 桃子,accept
2026-04-02 13:03:16,ryohei50@example.net,利用規約に同意する,4528953,坂本 和也,accept
2026-04-02 14:33:06,dyamazaki@example.org,利用規約に同意する,8494510,佐藤 篤司,accept
2026-04-02 15:35:07,yutahayashi@example.org,利用規約に同意する,1573731,坂本 さゆり,accept
2026-04-02 16:15:53,nakamuramiki@example.org,利用規約に同意する,8562957,岡本 直子,accept
2026-04-02 16:21:36,msuzuki@example.com,利用規約に同意する,4168937,山田 康弘,accept
2026-04-02 16:21:59,takuma39@example.net,利用規約に同意する,1534365,伊藤 篤司,accept
2026-04-02 16:39:53,hideki05@example.net,利用規約に同意する,1505772,吉田 知実,accept
2026-04-02 17:50:39,yumiko17@example.org,利用規約に同意する,4739110,池田 洋介,accept
2026-04-02 17:55:21,naoko03@example.com,利用規約に同意する,1583948,山本 幹,accept
2026-04-02 18:09:42,suzukitsubasa@example.org,利用規約に同意する,4116284,山本 里佳,accept
2026-04-02 18:54:04,mai75@example.net,利用規約に同意する,1592925,高橋 浩,accept
2026-04-02 19:20:39,fnakamura@example.net,利用規約に同意する,4385929,松本 春香,accept
2026-04-02 20:44:29,taro53@example.net,利用規約に同意する,4652757,太田 くみ子,accept
2026-04-02 20:54:17,akato@example.com,利用規約に同意する,8389687,田中 桃子,accept
2026-04-02 21:30:40,akiraendo@example.org,利用規約に同意する,8189282,中村 桃子,accept
2026-04-02 21:31:19,satominoru@example.org,利用規約に同意する,1519313,長谷川 康弘,accept
2026-04-02 21:53:37,yamadakazuya@example.org,利用規約に同意する,2169534,山崎 涼平,accept
2026-04-02 21:59:33,nanami21@example.com,利用規約に同意する,1587062,斉藤 直子,accept
2026-04-02 22:04:37,kimuramituru@example.net,利用規約に同意する,4277993,福田 加奈,accept
2026-04-02 23:22:17,naokiyamada@example.com,利用規約に同意する,4272362,佐藤 晃,accept
2026-04-03 00:25:03,osamusuzuki@example.net,利用規約に同意する,4368551,橋本 裕太,accept
2026-04-03 00:59:32,asukayoshida@example.com,利用規約に同意する,8615012,山本 康弘,accept
2026-04-03 01:57:23,sayurikobayashi@example.net,利用規約に同意する,8588150,佐々木 舞,accept
2026-04-03 05:00:43,waoki@example.net,利用規約に同意する,4159432,長谷川 加奈,denied
2026-04-03 05:35:39,sotarofukuda@example.com,利用規約に同意する,8307266,田中 七夏,accept
2026-04-03 06:55:10,yamamotomomoko@example.net,利用規約に同意する,1551747,高橋 翼,accept
2026-04-03 08:02:38,shotakobayashi@example.com,利用規約に同意する,8234741,小林 裕美子,accept
2026-04-03 09:01:38,otarika@example.net,利用規約に同意する,8640425,鈴木 学,accept
2026-04-03 09:01:59,naoto22@example.net,利用規約に同意する,1536025,渡辺 亮介,accept
2026-04-03 09:47:27,kyamaguchi@example.net,利用規約に同意する,1532768,池田 真綾,accept
2026-04-03 09:48:32,amatsumoto@example.org,利用規約に同意する,4525203,田中 香織,accept
2026-04-03 11:11:10,miurakumiko@example.org,利用規約に同意する,4381691,近藤 幹,accept
2026-04-03 12:13:08,nanami10@example.org,利用規約に同意する,8798735,山崎 英樹,accept
2026-04-03 12:48:16,atsushihashimoto@example.org,利用規約に同意する,1530490,岡田 加奈,accept
2026-04-03 13:30:45,satonaoko@example.com,利用規約に同意する,4434524,佐藤 陽子,denied
2026-04-03 14:22:12,hidekiinoue@example.net,利用規約に同意する,4591248,松本 花子,denied
2026-04-03 15:25:49,hanakotanaka@example.net,利用規約に同意する,4647943,斎藤 稔,accept
2026-04-03 16:35:20,akemi75@example.com,利用規約に同意する,8150140,三浦 加奈,accept
2026-04-03 17:49:42,rika84@example.com,利用規約に同意する,8427760,山口 幹,accept
2026-04-03 20:51:41,yokoabe@example.com,利用規約に同意する,4377518,藤原 浩,accept
2026-04-03 21:43:05,fujiwarasotaro@example.net,利用規約に同意する,8694297,鈴木 充,accept
2026-04-03 22:32:04,suzukisayuri@example.org,利用規約に同意する,1549140,山口 翔太,accept
2026-04-04 00:18:28,iito@example.net,利用規約に同意する,4348816,藤田 修平,accept
2026-04-04 00:55:33,ktakahashi@example.net,利用規約に同意する,8626326,三浦 七夏,denied
2026-04-04 01:02:05,satoakira@example.com,利用規約に同意する,1533092,林 結衣,accept
2026-04-04 01:02:40,taro26@example.net,利用規約に同意する,1541033,中島 里佳,accept
2026-04-04 01:13:17,amatsumoto@example.org,利用規約に同意する,4525203,田中 香織,accept
2026-04-04 02:17:32,yuitanaka@example.com,利用規約に同意する,8278282,中島 知実,accept
2026-04-04 04:28:17,yamadajun@example.net,利用規約に同意する,1566088,清水 智也,accept
2026-04-04 05:39:30,whasegawa@example.com,利用規約に同意する,8561712,佐藤 和也,accept
2026-04-04 07:03:36,ftanaka@example.org,利用規約に同意する,8129131,渡辺 陽子,accept
2026-04-04 08:15:25,kana94@example.net,利用規約に同意する,4572264,伊藤 花子,accept
2026-04-04 08:19:01,yosuke71@example.net,利用規約に同意する,8499828,後藤 結衣,accept
2026-04-04 08:30:56,rei01@example.com,利用規約に同意する,4692978,清水 裕美子,accept
2026-04-04 09:08:29,yamazakihiroshi@example.com,利用規約に同意する,1536585,小川 翔太,accept
2026-04-04 10:06:56,shohei60@example.org,利用規約に同意する,4209359,佐々木 涼平,denied
2026-04-04 10:18:00,ghashimoto@example.com,利用規約に同意する,1572733,斎藤 知実,accept
2026-04-04 13:01:51,sayuri81@example.net,利用規約に同意する,1561385,佐々木 春香,accept
2026-04-04 13:17:39,hanako01@example.net,利用規約に同意する,1505754,松本 聡太郎,denied
2026-04-04 13:28:04,suzukikazuya@example.com,利用規約に同意する,1598021,加藤 さゆり,accept
2026-04-04 14:26:39,maedaakira@example.net,利用規約に同意する,8628183,後藤 加奈,denied
2026-04-04 14:38:22,kondoharuka@example.com,利用規約に同意する,8111226,橋本 拓真,accept
2026-04-04 14:46:47,rika97@example.net,利用規約に同意する,8120719,山口 洋介,accept
2026-04-04 16:57:40,yumiko17@example.org,利用規約に同意する,4739110,池田 洋介,accept
2026-04-04 17:08:50,osamu47@example.com,利用規約に同意する,8283521,山崎 亮介,accept
2026-04-04 18:09:05,chiyoikeda@example.com,利用規約に同意する,8486577,渡辺 洋介,accept
2026-04-04 18:12:23,okamotomai@example.net,利用規約に同意する,1531779,中村 淳,accept
2026-04-04 23:12:07,rei01@example.com,利用規約に同意する,4692978,清水 裕美子,denied
2026-04-05 01:45:44,tsubasahasegawa@example.net,利用規約に同意する,8277128,池田 淳,accept
2026-04-05 05:52:07,yamaguchimomoko@example.org,利用規約に同意する,8644245,森 聡太郎,accept
2026-04-05 06:25:06,takahashiasuka@example.net,利用規約に同意する,1583050,松本 あすか,accept
2026-04-05 08:01:05,otarika@example.net,利用規約に同意する,8640425,鈴木 学,accept
2026-04-05 08:09:30,miturukimura@example.org,利用規約に同意する,1532441,渡辺 学,accept
2026-04-05 10:45:51,itohideki@example.org,利用規約に同意する,1558926,中島 香織,accept
2026-04-05 10:57:17,ryosukehashimoto@example.net,利用規約に同意する,4316315,藤井 浩,accept
2026-04-05 11:58:11,nanami56@example.net,利用規約に同意する,8210837,森 裕美子,accept
2026-04-05 12:02:09,shota26@example.com,利用規約に同意する,8283606,福田 春香,accept
2026-04-05 13:32:45,satoyoichi@example.com,利用規約に同意する,1502187,渡辺 太郎,accept
2026-04-05 14:20:54,moriosamu@example.com,利用規約に同意する,1589709,田中 陽一,denied
2026-04-05 15:29:57,junaoki@example.com,利用規約に同意する,1527973,高橋 幹,accept
2026-04-05 15:42:57,rsato@example.net,利用規約に同意する,1543910,山田 学,accept
2026-04-05 17:04:24,ishikawataichi@example.org,利用規約に同意する,1522439,渡辺 舞,accept
2026-04-05 18:16:47,sikeda@example.net,利用規約に同意する,8415860,前田 明美,accept
2026-04-05 20:20:58,shohei60@example.org,利用規約に同意する,4209359,佐々木 涼平,accept
2026-04-05 22:04:52,lfukuda@example.net,利用規約に同意する,1533681,橋本 康弘,accept
2026-04-05 22:08:02,dtanaka@example.com,利用規約に同意する,4549941,佐藤 加奈,accept
2026-04-05 22:29:04,tsubasasakamoto@example.net,利用規約に同意する,8534688,佐藤 零,accept
2026-04-05 22:50:57,kazuya60@example.net,利用規約に同意する,1548738,渡辺 亮介,accept
2026-04-05 23:05:00,yamamotomai@example.org,利用規約に同意する,8680440,伊藤 加奈,accept
2026-04-05 23:34:46,satotakuma@example.net,利用規約に同意する,8682616,石井 明美,accept
2026-04-05 23:55:21,rsato@example.net,利用規約に同意する,8895525,藤原 桃子,accept
2026-04-05 23:55:25,moriakira@example.com,利用規約に同意する,4161462,田中 香織,accept
2026-04-06 00:01:27,takumafujita@example.net,利用規約に同意する,8454592,岡本 香織,accept
2026-04-06 00:45:23,zkimura@example.net,利用規約に同意する,1536569,佐藤 明美,accept
2026-04-06 01:22:12,katotakuma@example.com,利用規約に同意する,1575225,山本 千代,accept
2026-04-06 01:33:23,yuiinoue@example.net,利用規約に同意する,8280623,田中 花子,accept
2026-04-06 02:00:05,taro93@example.org,利用規約に同意する,4233119,坂本 涼平,accept
2026-04-06 02:49:04,cwatanabe@example.org,利用規約に同意する,8346457,近藤 加奈,accept
2026-04-06 08:19:35,kimurasotaro@example.com,利用規約に同意する,1548589,田中 直子,accept
2026-04-06 09:35:27,naoko54@example.com,利用規約に同意する,4501792,佐藤 花子,accept
2026-04-06 10:12:31,ptanaka@example.org,利用規約に同意する,1572534,中村 太郎,accept
2026-04-06 10:43:42,satotaro@example.net,利用規約に同意する,4461112,中村 さゆり,accept
2026-04-06 12:18:37,yoshidamomoko@example.com,利用規約に同意する,8179840,田中 涼平,accept
2026-04-06 12:38:11,satomi55@example.com,利用規約に同意する,1572135,石川 加奈,accept
2026-04-06 14:19:07,haruka78@example.net,利用規約に同意する,4161824,太田 聡太郎,accept
2026-04-06 15:10:09,saitoyoko@example.com,利用規約に同意する,4618191,高橋 太郎,accept
2026-04-06 16:09:19,kazuya60@example.net,利用規約に同意する,1548738,渡辺 亮介,accept
2026-04-06 16:19:13,suzukiharuka@example.net,利用規約に同意する,1542233,松本 幹,accept
2026-04-06 16:19:19,iokada@example.org,利用規約に同意する,1532077,吉田 太郎,accept
2026-04-06 16:59:00,asukaito@example.net,利用規約に同意する,4490017,清水 充,accept
2026-04-06 17:34:15,kazuya59@example.com,利用規約に同意する,1580610,坂本 智也,accept
2026-04-06 20:37:29,znishimura@example.com,利用規約に同意する,1539085,後藤 美加子,accept
2026-04-06 20:43:22,yuki20@example.org,利用規約に同意する,4319198,岡本 千代,accept
2026-04-06 20:51:07,takuma78@example.com,利用規約に同意する,1532411,佐藤 美加子,accept
2026-04-06 22:15:36,hayashiosamu@example.com,利用規約に同意する,1593531,青木 淳,accept
2026-04-06 22:16:57,ztanaka@example.org,利用規約に同意する,1543288,近藤 英樹,denied
2026-04-07 00:09:13,saitoasuka@example.com,利用規約に同意する,1549672,中村 晃,accept
2026-04-07 00:18:06,watanabehanako@example.net,利用規約に同意する,8189220,鈴木 修平,accept
2026-04-07 00:53:00,tanakaryohei@example.org,利用規約に同意する,4559898,山本 花子,accept
2026-04-07 01:35:25,yumikoyamamoto@example.org,利用規約に同意する,8447447,山口 七夏,accept
2026-04-07 01:58:26,ishiiakemi@example.net,利用規約に同意する,4502050,吉田 治,accept
2026-04-07 02:04:29,asukainoue@example.net,利用規約に同意する,4193525,橋本 拓真,accept
2026-04-07 02:25:10,shotawatanabe@example.com,利用規約に同意する,4189167,中村 健一,accept
2026-04-07 02:26:25,asuzuki@example.net,利用規約に同意する,1550639,阿部 亮介,accept
2026-04-07 07:04:33,xmatsuda@example.net,利用規約に同意する,4147235,阿部 裕樹,accept
2026-04-07 07:58:27,junkondo@example.net,利用規約に同意する,1535112,渡辺 治,accept
2026-04-07 08:16:59,abeakira@example.com,利用規約に同意する,1579310,鈴木 裕太,accept
2026-04-07 08:31:12,hanako34@example.net,利用規約に同意する,4612502,林 裕太,accept
2026-04-07 08:39:22,yuki91@example.com,利用規約に同意する,1518344,阿部 京助,accept
2026-04-07 08:46:44,iokada@example.org,利用規約に同意する,1532077,吉田 太郎,accept
2026-04-07 09:41:36,satohanako@example.com,利用規約に同意する,8391988,佐々木 あすか,accept
2026-04-07 10:54:50,zsato@example.net,利用規約に同意する,8305695,近藤 七夏,accept
2026-04-07 10:56:57,yoko22@example.com,利用規約に同意する,1538654,伊藤 加奈,accept
2026-04-07 11:50:23,jfujita@example.org,利用規約に同意する,1540539,山田 里佳,accept
2026-04-07 15:32:11,ikedaakira@example.com,利用規約に同意する,4114208,中島 涼平,accept
2026-04-07 16:32:17,sota@example.net,利用規約に同意する,8537345,佐藤 聡太郎,accept
2026-04-07 16:41:55,mai29@example.com,利用規約に同意する,4211955,佐々木 あすか,accept
2026-04-07 18:08:31,lnakamura@example.net,利用規約に同意する,1509835,高橋 太一,accept
2026-04-07 20:14:55,yui83@example.net,利用規約に同意する,3072102,三浦 学,accept
2026-04-07 20:27:07,naoto62@example.com,利用規約に同意する,4684108,斎藤 亮介,accept
2026-04-07 20:37:26,htakahashi@example.org,利用規約に同意する,8539535,高橋 舞,accept
2026-04-07 20:55:02,itokazuya@example.org,利用規約に同意する,1536129,岡田 治,accept
2026-04-07 23:07:18,sayuriyamamoto@example.net,利用規約に同意する,4132591,鈴木 真綾,accept
2026-04-07 23:48:44,endorika@example.com,利用規約に同意する,4175965,清水 桃子,accept
2026-04-08 00:13:34,katotakuma@example.net,利用規約に同意する,8313624,吉田 裕太,accept
2026-04-08 00:43:47,asukanakamura@example.org,利用規約に同意する,4473005,山本 陽一,accept
2026-04-08 01:17:00,yoshidahanako@example.com,利用規約に同意する,1509789,小川 康弘,accept
2026-04-08 02:37:15,ishikawanaoki@example.net,利用規約に同意する,4290023,森 くみ子,accept
2026-04-08 05:43:47,gtakahashi@example.org,利用規約に同意する,1521319,福田 七夏,accept
2026-04-08 07:09:47,taichitakahashi@example.org,利用規約に同意する,4315726,池田 修平,accept
2026-04-08 07:47:40,miturutakahashi@example.com,利用規約に同意する,1514089,渡辺 結衣,accept
2026-04-08 09:45:07,saitosatomi@example.net,利用規約に同意する,1577182,林 春香,accept
2026-04-08 10:51:41,hideki21@example.com,利用規約に同意する,4400611,加藤 舞,accept
2026-04-08 11:06:57,yoko22@example.com,利用規約に同意する,1538654,伊藤 加奈,accept
2026-04-08 13:53:33,tyamada@example.org,利用規約に同意する,8128758,中村 明美,accept
2026-04-08 15:37:00,yosukekobayashi@example.org,利用規約に同意する,1538452,山本 裕太,accept
2026-04-08 16:11:19,yamaguchijun@example.net,利用規約に同意する,1511359,阿部 康弘,accept
2026-04-08 16:46:24,ryoheitakahashi@example.org,利用規約に同意する,1519168,鈴木 稔,accept
2026-04-08 17:44:55,suzukiryosuke@example.com,利用規約に同意する,8215907,渡辺 七夏,accept
2026-04-08 19:16:29,hanako29@example.org,利用規約に同意する,4552196,中村 香織,accept
2026-04-08 19:30:47,manabukondo@example.net,利用規約に同意する,1533386,佐藤 美加子,accept
2026-04-08 20:46:48,asukaito@example.net,利用規約に同意する,4490017,清水 充,accept
2026-04-08 21:21:44,rmatsumoto@example.org,利用規約に同意する,1539932,高橋 学,accept
2026-04-08 22:35:12,knakagawa@example.net,利用規約に同意する,1539829,山本 知実,denied
2026-04-08 22:36:55,asuka32@example.com,利用規約に同意する,4476556,佐藤 零,denied
2026-04-08 23:21:32,ryohei43@example.com,利用規約に同意する,2208981,阿部 香織,accept
2026-04-09 00:46:29,manabutakahashi@example.org,利用規約に同意する,1551877,松本 康弘,accept
2026-04-09 00:52:17,saitohideki@example.com,利用規約に同意する,4681070,藤田 里佳,accept
2026-04-09 00:58:45,yamamotoyuki@example.com,利用規約に同意する,4611128,遠藤 春香,accept
2026-04-09 01:06:02,esaito@example.org,利用規約に同意する,4504244,高橋 聡太郎,accept
2026-04-09 04:37:42,mikako63@example.com,利用規約に同意する,8568493,高橋 千代,accept
2026-04-09 04:46:35,gsaito@example.net,利用規約に同意する,1538506,遠藤 篤司,accept
2026-04-09 06:00:15,akirasasaki@example.org,利用規約に同意する,4381289,山田 京助,accept
2026-04-09 07:43:05,takahashinaoto@example.com,利用規約に同意する,4421922,山下 千代,accept
2026-04-09 09:14:49,taichi79@example.org,利用規約に同意する,8611221,木村 亮介,accept
2026-04-09 12:05:41,yuki80@example.com,利用規約に同意する,1528668,山崎 亮介,accept
2026-04-09 13:09:01,okadamaaya@example.org,利用規約に同意する,4655576,高橋 直子,accept
2026-04-09 13:47:20,satomikobayashi@example.net,利用規約に同意する,1569226,加藤 あすか,denied
2026-04-09 15:03:44,vtanaka@example.com,利用規約に同意する,4761669,鈴木 里佳,accept
2026-04-09 15:21:21,takuma70@example.net,利用規約に同意する,8396744,山口 京助,accept
2026-04-09 16:07:38,hanakotanaka@example.com,利用規約に同意する,8959974,佐藤 直人,accept
2026-04-09 16:08:14,fnakamura@example.net,利用規約に同意する,4385929,松本 春香,accept
2026-04-09 16:20:05,dyamazaki@example.org,利用規約に同意する,8494510,佐藤 篤司,accept
2026-04-09 16:29:45,ryosukehashimoto@example.net,利用規約に同意する,4546437,近藤 桃子,denied
2026-04-09 17:56:07,jyamada@example.com,利用規約に同意する,4929603,吉田 加奈,accept
2026-04-09 20:24:23,tokada@example.com,利用規約に同意する,8275880,松本 千代,accept
2026-04-09 21:02:19,maaya41@example.net,利用規約に同意する,4419848,小林 加奈,accept
2026-04-09 21:45:15,etanaka@example.net,利用規約に同意する,4260249,後藤 修平,accept
2026-04-09 22:12:20,naoki31@example.org,利用規約に同意する,1530340,坂本 幹,accept
2026-04-10 02:06:24,yoko65@example.com,利用規約に同意する,8450604,鈴木 幹,accept
2026-04-10 04:44:17,hanako79@example.net,利用規約に同意する,1507441,橋本 篤司,accept
2026-04-10 06:31:50,minorusasaki@example.net,利用規約に同意する,4372684,村上 淳,accept
2026-04-10 06:59:59,hideki32@example.net,利用規約に同意する,1555057,藤田 七夏,accept
2026-04-10 08:49:52,taichi44@example.org,利用規約に同意する,1569002,佐々木 くみ子,accept
2026-04-10 09:30:59,yamashitatomoya@example.org,利用規約に同意する,8271511,山崎 直子,accept
2026-04-10 10:35:14,minoru44@example.net,利用規約に同意する,8500074,渡辺 あすか,accept
2026-04-10 10:55:27,asukasuzuki@example.org,利用規約に同意する,2933801,田中 明美,accept
2026-04-10 11:53:06,tsuzuki@example.com,利用規約に同意する,4130008,青木 直子,accept
2026-04-10 11:55:57,hiroshi62@example.net,利用規約に同意する,4264843,高橋 充,accept
2026-04-10 13:59:29,yosuke71@example.net,利用規約に同意する,8499828,後藤 結衣,accept
2026-04-10 14:12:36,akemiokada@example.com,利用規約に同意する,8245353,山本 くみ子,accept
2026-04-10 14:35:09,ryosuke19@example.com,利用規約に同意する,8527884,松田 香織,denied
2026-04-10 15:44:46,katoshota@example.com,利用規約に同意する,8481973,太田 舞,accept
2026-04-10 16:12:05,jun04@example.org,利用規約に同意する,8590326,林 充,accept
2026-04-10 18:25:55,yutamiura@example.org,利用規約に同意する,4654460,山田 七夏,accept
2026-04-10 20:08:55,rsuzuki@example.org,利用規約に同意する,8220922,中村 翼,accept
2026-04-10 22:26:58,yuki32@example.net,利用規約に同意する,4397853,斎藤 七夏,accept
2026-04-10 22:28:38,mikako63@example.com,利用規約に同意する,8568493,高橋 千代,accept
2026-04-11 01:21:53,akira48@example.net,利用規約に同意する,1529219,高橋 裕太,accept
2026-04-11 01:41:19,xmatsuda@example.net,利用規約に同意する,4147235,阿部 裕樹,accept
2026-04-11 02:16:23,fujitarika@example.net,利用規約に同意する,8418373,井上 裕太,accept
2026-04-11 02:28:38,suzukiryosuke@example.org,利用規約に同意する,1588184,木村 学,accept
2026-04-11 05:02:27,itanaka@example.org,利用規約に同意する,4293468,山口 淳,denied
2026-04-11 06:26:11,momokokimura@example.net,利用規約に同意する,4371737,井上 七夏,accept
2026-04-11 06:54:00,suzukiyumiko@example.net,利用規約に同意する,8417786,長谷川 智也,denied
2026-04-11 07:06:59,ftanaka@example.org,利用規約に同意する,8129131,渡辺 陽子,accept
2026-04-11 07:10:20,taichiyoshida@example.com,利用規約に同意する,8535972,佐藤 千代,accept
2026-04-11 08:41:22,kazuya23@example.com,利用規約に同意する,8396067,林 英樹,accept
2026-04-11 09:02:37,nakamuraatsushi@example.net,利用規約に同意する,4185798,岡本 直樹,accept
2026-04-11 10:19:45,yito@example.org,利用規約に同意する,4323788,清水 篤司,accept
2026-04-11 10:55:05,maaya57@example.org,利用規約に同意する,8941586,西村 真綾,accept
2026-04-11 11:22:33,ogawataichi@example.com,利用規約に同意する,4312119,鈴木 美加子,accept
2026-04-11 12:26:02,watanabetakuma@example.net,利用規約に同意する,1534471,田中 結衣,accept
2026-04-11 13:47:58,rmatsumoto@example.org,利用規約に同意する,1539932,高橋 学,accept
2026-04-11 14:17:38,hyamada@example.com,利用規約に同意する,1518367,前田 香織,denied
2026-04-11 15:06:56,taichi80@example.com,利用規約に同意する,4398567,阿部 健一,accept
2026-04-11 15:48:06,hiroshi31@example.org,利用規約に同意する,2199246,藤原 涼平,accept
2026-04-11 16:23:11,mikakosuzuki@example.com,利用規約に同意する,4109725,佐藤 里佳,accept
2026-04-11 17:01:34,katotaichi@example.org,利用規約に同意する,8528972,鈴木 充,accept
2026-04-11 19:10:00,hanako41@example.org,利用規約に同意する,4250164,前田 くみ子,accept
2026-04-11 20:14:00,junmaeda@example.org,利用規約に同意する,4416299,佐々木 翼,accept
2026-04-11 20:29:12,hasegawayui@example.net,利用規約に同意する,4620028,近藤 裕太,accept
2026-04-11 21:36:06,takumafujita@example.net,利用規約に同意する,8454592,岡本 香織,denied
2026-04-12 00:41:41,shotakobayashi@example.com,利用規約に同意する,4579516,松田 舞,accept
2026-04-12 03:37:14,kenichi82@example.net,利用規約に同意する,1547696,高橋 さゆり,accept
2026-04-12 03:38:41,itoyoichi@example.org,利用規約に同意する,8621511,伊藤 明美,accept
2026-04-12 03:55:29,rishikawa@example.com,利用規約に同意する,4322768,阿部 学,accept
2026-04-12 04:27:03,ryosukehashimoto@example.net,利用規約に同意する,4546437,近藤 桃子,accept
2026-04-12 04:32:33,shotakato@example.net,利用規約に同意する,4316899,鈴木 亮介,accept
2026-04-12 04:34:30,suzukitsubasa@example.org,利用規約に同意する,4116284,山本 里佳,accept
2026-04-12 05:45:31,haruka96@example.com,利用規約に同意する,1579887,近藤 舞,accept
2026-04-12 05:48:44,ktakahashi@example.com,利用規約に同意する,8613587,石川 さゆり,accept
2026-04-12 06:29:47,saitokumiko@example.org,利用規約に同意する,8449412,池田 千代,accept
2026-04-12 08:32:28,dfujii@example.com,利用規約に同意する,1560807,渡辺 陽子,accept
2026-04-12 11:18:00,xmatsumoto@example.com,利用規約に同意する,2153120,高橋 亮介,accept
2026-04-12 11:58:02,nakamuramiki@example.org,利用規約に同意する,8562957,岡本 直子,accept
2026-04-12 11:58:09,yoshidamanabu@example.org,利用規約に同意する,4510308,鈴木 裕太,accept
2026-04-12 12:54:42,hayashiosamu@example.com,利用規約に同意する,1593531,青木 淳,accept
2026-04-12 13:12:06,sfukuda@example.com,利用規約に同意する,1543456,小林 美加子,accept
2026-04-12 14:54:16,gotokumiko@example.net,利用規約に同意する,8454496,坂本 和也,denied
2026-04-12 15:48:36,rika64@example.org,利用規約に同意する,4610358,藤田 裕太,accept
2026-04-12 15:53:56,rika64@example.org,利用規約に同意する,4610358,藤田 裕太,accept
2026-04-12 15:58:31,yamadaminoru@example.com,利用規約に同意する,8209807,伊藤 直子,accept
2026-04-12 18:18:13,satomisuzuki@example.net,利用規約に同意する,4122018,山口 香織,denied
2026-04-12 18:47:03,yasuhiro76@example.net,利用規約に同意する,1580079,井上 英樹,accept
2026-04-12 18:48:00,endoyuta@example.net,利用規約に同意する,4337409,林 康弘,accept
2026-04-12 18:53:43,ymatsumoto@example.net,利用規約に同意する,8640760,佐藤 陽一,accept
2026-04-12 20:13:38,sayuri64@example.com,利用規約に同意する,1518289,太田 篤司,accept
2026-04-12 20:23:34,okadayui@example.com,利用規約に同意する,8317361,中村 洋介,accept
2026-04-12 21:45:55,rika64@example.org,利用規約に同意する,4610358,藤田 裕太,accept
2026-04-12 23:39:45,aokiatsushi@example.org,利用規約に同意する,1593298,渡辺 春香,accept
2026-04-13 00:59:23,asukayamada@example.org,利用規約に同意する,1577814,太田 七夏,accept
2026-04-13 01:02:35,kumikoyamazaki@example.org,利用規約に同意する,4508079,佐藤 知実,accept
2026-04-13 01:04:09,nanami37@example.com,利用規約に同意する,8606428,山崎 晃,denied
2026-04-13 02:16:01,kana49@example.org,利用規約に同意する,1558529,吉田 洋介,denied
2026-04-13 04:14:29,yuiinoue@example.net,利用規約に同意する,8280623,田中 花子,accept
2026-04-13 07:42:03,pishii@example.org,利用規約に同意する,4471371,木村 幹,accept
2026-04-13 09:24:13,taro53@example.net,利用規約に同意する,4652757,太田 くみ子,accept
2026-04-13 09:43:07,minoue@example.com,利用規約に同意する,8428124,藤原 智也,accept
2026-04-13 10:58:41,asukanakamura@example.org,利用規約に同意する,4473005,山本 陽一,accept
2026-04-13 10:59:31,mikakoyamada@example.com,利用規約に同意する,4271058,田中 浩,accept
2026-04-13 11:41:09,ookamoto@example.org,利用規約に同意する,4207592,森 結衣,accept
2026-04-13 11:57:43,rikasaito@example.com,利用規約に同意する,1514764,岡本 淳,accept
2026-04-13 12:33:56,zkimura@example.net,利用規約に同意する,1536569,佐藤 明美,accept
2026-04-13 12:45:17,haruka80@example.org,利用規約に同意する,1599972,小川 智也,accept
2026-04-13 14:11:05,umori@example.com,利用規約に同意する,8131194,山口 春香,accept
2026-04-13 16:04:13,lkato@example.net,利用規約に同意する,1565323,斉藤 真綾,accept
2026-04-13 16:54:49,pkobayashi@example.net,利用規約に同意する,1518661,鈴木 あすか,accept
2026-04-13 17:12:24,lmaeda@example.com,利用規約に同意する,4659510,山本 七夏,accept
2026-04-13 17:36:47,ryoheitakahashi@example.org,利用規約に同意する,1519168,鈴木 稔,accept
2026-04-13 19:18:04,naotonakamura@example.com,利用規約に同意する,1565239,前田 桃子,accept
2026-04-13 21:16:42,saitomanabu@example.com,利用規約に同意する,8197894,松本 充,accept
2026-04-13 23:20:21,omatsumoto@example.org,利用規約に同意する,4297880,高橋 英樹,denied
2026-04-13 23:30:28,tsubasasakamoto@example.net,利用規約に同意する,8534688,佐藤 零,accept
